Workbook

Sheet Read Me
A1: ULL Auremont website — content map
A3: Purpose | B3: Page-by-page, section-by-section content plan for ullindia.com, laid out in the US school/university website format, mapped to the content we already have.
A5: Source content | B5: admissionportal/content/site-content.md (brand reference copy supplied by ULL). Vision, mission and values are ULL's own and are kept as written.
A7: How to use | B7: 1) Start with 'Gaps to Fill': it lists every item we still need, Launch items first. 2) Each page sheet shows every section in layout order. 3) When you supply an item, change its Status cell to Ready; the Sitemap counts update.
A9: Status legend | B9: Ready = we have the content (green). Partial = some content exists, needs a detail or approval (amber). Missing = needs to be written or supplied (red).
A11: Owner column | B11: School = ULL team provides it. Agency = we write or design it.
A13: Example | B13: Footer → Contact block → Missing → 'Full address with PIN, main phone, admissions phone/WhatsApp, email, office hours, Google Maps link'.
A15: Prepared | B15: 2026-10-20, draft v1 for review.
A18: Ready
A19: Partial
A20: Missing

Sheet Sitemap
A1: ULL Auremont — sitemap and content readiness
A2: Counts update automatically from each sheet's Status column.
A4: Sheet | B4: Pages | C4: Sections | D4: Ready | E4: Partial | F4: Missing | G4: % Ready
A5: Global | B5: All pages | C5: =COUNTA(Global!$H$5:$H$15) -> 11 | D5: =COUNTIF(Global!$H$5:$H$15,"Ready") -> 3 | E5: =COUNTIF(Global!$H$5:$H$15,"Partial") -> 4 | F5: =COUNTIF(Global!$H$5:$H$15,"Missing") -> 4 | G5: =IF(C5=0,0,D5/C5) -> 0.27272727
A6: Home | B6: Home | C6: =COUNTA(Home!$H$5:$H$19) -> 15 | D6: =COUNTIF(Home!$H$5:$H$19,"Ready") -> 9 | E6: =COUNTIF(Home!$H$5:$H$19,"Partial") -> 2 | F6: =COUNTIF(Home!$H$5:$H$19,"Missing") -> 4 | G6: =IF(C6=0,0,D6/C6) -> 0.6
A7: About | B7: About Overview · Mission, Vision & Values · What Makes Us Unique · Leadership · Faculty · Accreditation & Affiliation · Brand Ambassador | C7: =COUNTA(About!$H$5:$H$16) -> 12 | D7: =COUNTIF(About!$H$5:$H$16,"Ready") -> 6 | E7: =COUNTIF(About!$H$5:$H$16,"Partial") -> 2 | F7: =COUNTIF(About!$H$5:$H$16,"Missing") -> 4 | G7: =IF(C7=0,0,D7/C7) -> 0.5
A8: Academics | B8: Academics Overview · Learning Cycle · Foundational Stage · Preparatory Stage · Middle Stage · Secondary Stage · Assessment & Progress · Academic Calendar · Library & Reading · Results & Achievements | C8: =COUNTA(Academics!$H$5:$H$17) -> 13 | D8: =COUNTIF(Academics!$H$5:$H$17,"Ready") -> 10 | E8: =COUNTIF(Academics!$H$5:$H$17,"Partial") -> 0 | F8: =COUNTIF(Academics!$H$5:$H$17,"Missing") -> 3 | G8: =IF(C8=0,0,D8/C8) -> 0.76923077
A9: Student Life | B9: Sports & Fitness · Pulse · Ruchi · Kushala · Aurora Lab & Robotics · Summit Pathway · Clubs & Events | C9: =COUNTA('Student Life'!$H$5:$H$16) -> 12 | D9: =COUNTIF('Student Life'!$H$5:$H$16,"Ready") -> 9 | E9: =COUNTIF('Student Life'!$H$5:$H$16,"Partial") -> 2 | F9: =COUNTIF('Student Life'!$H$5:$H$16,"Missing") -> 1 | G9: =IF(C9=0,0,D9/C9) -> 0.75
A10: Admissions | B10: Admissions Overview · Admission Process · Key Dates · Fees & Scholarships · Visit Us · Enquire · Apply Online · Admissions FAQ · Admissions Contact | C10: =COUNTA(Admissions!$H$5:$H$17) -> 13 | D10: =COUNTIF(Admissions!$H$5:$H$17,"Ready") -> 2 | E10: =COUNTIF(Admissions!$H$5:$H$17,"Partial") -> 5 | F10: =COUNTIF(Admissions!$H$5:$H$17,"Missing") -> 6 | G10: =IF(C10=0,0,D10/C10) -> 0.15384615
A11: Campus | B11: Campus Overview · Facilities · Campus Tour · Gallery · Safety & Security · Health & Wellbeing · Transport · Meals · Location | C11: =COUNTA(Campus!$H$5:$H$13) -> 9 | D11: =COUNTIF(Campus!$H$5:$H$13,"Ready") -> 0 | E11: =COUNTIF(Campus!$H$5:$H$13,"Partial") -> 2 | F11: =COUNTIF(Campus!$H$5:$H$13,"Missing") -> 7 | G11: =IF(C11=0,0,D11/C11) -> 0
A12: Parents | B12: Parents Overview · School Day · Uniform · Policies · Calendar & Circulars · Parent Portal | C12: =COUNTA(Parents!$H$5:$H$11) -> 7 | D12: =COUNTIF(Parents!$H$5:$H$11,"Ready") -> 3 | E12: =COUNTIF(Parents!$H$5:$H$11,"Partial") -> 0 | F12: =COUNTIF(Parents!$H$5:$H$11,"Missing") -> 4 | G12: =IF(C12=0,0,D12/C12) -> 0.42857143
A13: News & Events | B13: News · Events · Blog / Parent Resources | C13: =COUNTA('News & Events'!$H$5:$H$7) -> 3 | D13: =COUNTIF('News & Events'!$H$5:$H$7,"Ready") -> 0 | E13: =COUNTIF('News & Events'!$H$5:$H$7,"Partial") -> 0 | F13: =COUNTIF('News & Events'!$H$5:$H$7,"Missing") -> 3 | G13: =IF(C13=0,0,D13/C13) -> 0
A14: Contact & Careers | B14: Contact · Careers · Alumni | C14: =COUNTA('Contact & Careers'!$H$5:$H$8) -> 4 | D14: =COUNTIF('Contact & Careers'!$H$5:$H$8,"Ready") -> 1 | E14: =COUNTIF('Contact & Careers'!$H$5:$H$8,"Partial") -> 1 | F14: =COUNTIF('Contact & Careers'!$H$5:$H$8,"Missing") -> 2 | G14: =IF(C14=0,0,D14/C14) -> 0.25
A15: Legal & Compliance | B15: Mandatory Public Disclosure · Privacy Policy · Terms of Use · Child Safeguarding · Accessibility · Image disclaimer | C15: =COUNTA('Legal & Compliance'!$H$5:$H$10) -> 6 | D15: =COUNTIF('Legal & Compliance'!$H$5:$H$10,"Ready") -> 2 | E15: =COUNTIF('Legal & Compliance'!$H$5:$H$10,"Partial") -> 0 | F15: =COUNTIF('Legal & Compliance'!$H$5:$H$10,"Missing") -> 4 | G15: =IF(C15=0,0,D15/C15) -> 0.33333333
A16: Portal | B16: Register / Login · Dashboard · Add Child · Application · Documents · Application Status · Messages · Visitor Pass | C16: =COUNTA(Portal!$H$5:$H$12) -> 8 | D16: =COUNTIF(Portal!$H$5:$H$12,"Ready") -> 3 | E16: =COUNTIF(Portal!$H$5:$H$12,"Partial") -> 2 | F16: =COUNTIF(Portal!$H$5:$H$12,"Missing") -> 3 | G16: =IF(C16=0,0,D16/C16) -> 0.375
A17: Total | C17: =SUM(C5:C16) -> 113 | D17: =SUM(D5:D16) -> 48 | E17: =SUM(E5:E16) -> 20 | F17: =SUM(F5:F16) -> 45 | G17: =IF(C17=0,0,D17/C17) -> 0.42477876

Sheet Gaps to Fill
A1: Content gaps to fill (Missing first, then Partial)
A2: Snapshot when this file was made. Update Status on the page sheets as items arrive.
A4: # | B4: Priority | C4: Sheet | D4: Page | E4: Section | F4: What you need to provide | G4: Images / assets | H4: Status
A5: 1 | B5: Launch | C5: Global | D5: All pages | E5: Contact block | F5: Full address with PIN, main phone, admissions phone/WhatsApp, email, office hours, Google Maps link | G5: — | H5: Missing
A6: 2 | B6: Launch | C6: Global | D6: All pages | E6: Social links | F6: Official social media handles/URLs | G6: — | H6: Missing
A7: 3 | B7: Launch | C7: Global | D7: All pages | E7: Affiliation line | F7: CBSE affiliation number and school code (or 'affiliation applied' status) | G7: — | H7: Missing
A8: 4 | B8: Launch | C8: Global | D8: All pages | E8: WhatsApp button | F8: WATI WhatsApp business number | G8: — | H8: Missing
A9: 5 | B9: Launch | C9: Home | D9: Home | E9: Key facts strip | F9: Numbers: years serving Nagarbhavi, student count, student–teacher ratio, class size, campus size, number of sports/clubs | G9: Icons (we design) | H9: Missing
A10: 6 | B10: Launch | C10: Home | D10: Home | E10: Principal's welcome | F10: Principal's name, photo and welcome message | G10: Principal portrait | H10: Missing
A11: 7 | B11: Launch | C11: Home | D11: Home | E11: Parent testimonials | F11: 3–5 parent testimonials with consent (or skip until first term) | G11: Parent photos (optional) | H11: Missing
A12: 8 | B12: Launch | C12: Home | D12: Home | E12: Photo strip | F12: Real campus/children photos (consent-cleared) | G12: Photos | H12: Missing
A13: 9 | B13: Launch | C13: About | D13: About Overview | E13: Our story / history | F13: Story: when ULL started in Nagarbhavi, milestones, why the renewal, founders | G13: Archive/founding photos | H13: Missing
A14: 10 | B14: Launch | C14: About | D14: Leadership | E14: Principal's message | F14: Principal's full message (250–400 words), name, qualifications | G14: Principal portrait | H14: Missing
A15: 11 | B15: Launch | C15: About | D15: Leadership | E15: Management / governing body | F15: Names, roles and photos of trustees/management (ULL leadership) | G15: Portraits | H15: Missing
A16: 12 | B16: Launch | C16: About | D16: Faculty | E16: Faculty directory | F16: Faculty list with subjects and qualifications (photos optional) | G16: Teacher photos | H16: Missing
... A69: 65 | B69: Optional | C69: Contact & Careers | D69: Alumni | E69: Alumni network | F69: Optional: alumni stories of ULL; can skip at launch | G69: — | H69: Missing

Sheet Global
A1: Global — content map
A2: Rows shaded red = Missing, amber = Partial, green = Ready. Fill the 'What you need to provide' items, then set Status to Ready.
A4: # | B4: Page | C4: URL | D4: Layout block | E4: Section | F4: What goes here (US standard) | G4: Content we have (source) | H4: Status | I4: What you need to provide | J4: Images / assets | K4: Owner | L4: Notes
A5: 1 | B5: All pages | C5: — | D5: Utility bar | E5: Quick links | F5: US pattern: Apply · Visit · Enquire · Parent Login always one click away | G5: site-content.md: Concept CTAs: Book a campus visit, Enquire now, Apply now | H5: Ready | I5: Confirm labels: Apply / Book a Visit / Enquire / Parent Login | J5: — | K5: Agency
A6: 2 | B6: All pages | C6: — | D6: Header | E6: Logo + main navigation | F6: Logo left, 8 menus, sticky on scroll, mobile menu | G6: site-content.md: Concept nav: Our approach, Academics, School life, Gallery, Campus tour, For parents, Plan a visit | H6: Partial | I6: High-resolution logo file (SVG or PNG, transparent background); approve final menu names | J6: Logo SVG/PNG | K6: School
A7: 3 | B7: All pages | C7: — | D7: Header | E7: Announcement strip | F7: Optional one-line notice (admissions open, events) | G7: site-content.md: 'Admissions open for Nursery to Grade 10' | H7: Ready | I7: Admissions year to show (e.g. 2027–28) | J7: — | K7: Agency
A8: 4 | B8: All pages | C8: — | D8: Footer | E8: Brand block | F8: Logo, tagline, motto | G8: site-content.md: Tagline + motto in Brand essentials | H8: Ready | I8: — | J8: Logo (light version for dark footer) | K8: Agency
A9: 5 | B9: All pages | C9: — | D9: Footer | E9: Contact block | F9: Address, phone, email, office hours, map link | G9: Contact line has [address], [PIN], [phone], [email] placeholders | H9: Missing | I9: Full address with PIN, main phone, admissions phone/WhatsApp, email, office hours, Google Maps link | J9: — | K9: School
A10: 6 | B10: All pages | C10: — | D10: Footer | E10: Quick links + legal | F10: Sitemap links, Privacy, Terms, Mandatory Disclosure, Accessibility | G10: — | H10: Partial | I10: Approve; legal pages content needed (see Legal sheet) | J10: — | K10: School
A11: 7 | B11: All pages | C11: — | D11: Footer | E11: Social links | F11: Instagram, Facebook, YouTube, LinkedIn | G11: — | H11: Missing | I11: Official social media handles/URLs | J11: — | K11: School
A12: 8 | B12: All pages | C12: — | D12: Footer | E12: Affiliation line | F12: 'Affiliated to CBSE, New Delhi · Affiliation No. ____ · School Code ____' | G12: CBSE stated, no numbers | H12: Missing | I12: CBSE affiliation number and school code (or 'affiliation applied' status) | J12: — | K12: School
A13: 9 | B13: All pages | C13: — | D13: Footer | E13: Group line | F13: 'A United Learning League (ULL) school' | G13: site-content.md: Concept footer: United Learning League | H13: Partial | I13: Confirm group name usage and link to ullindia.com group page | J13: ULL group logo | K13: School
A14: 10 | B14: All pages | C14: — | D14: SEO | E14: Site-wide SEO | F14: Title pattern, meta descriptions, Open Graph image, favicon, JSON-LD School schema, Google Business Profile | G14: site-content.md: Meta description in concept HTML | H14: Partial | I14: Favicon, share image (1200×630), Google Business Profile link, target keywords list (e.g. 'CBSE school Nagarbhavi') | J14: Favicon, OG image | K14: School
A15: 11 | B15: All pages | C15: — | D15: Chat/Contact | E15: WhatsApp button | F15: Floating WhatsApp (WATI) button | G15: — | H15: Missing | I15: WATI WhatsApp business number | J15: — | K15: School

Sheet Home
A1: Home — content map
A2: Rows shaded red = Missing, amber = Partial, green = Ready. Fill the 'What you need to provide' items, then set Status to Ready.
A4: # | B4: Page | C4: URL | D4: Layout block | E4: Section | F4: What goes here (US standard) | G4: Content we have (source) | H4: Status | I4: What you need to provide | J4: Images / assets | K4: Owner | L4: Notes
A5: 1 | B5: Home | C5: / | D5: Hero | E5: Headline + sub + CTAs | F5: Big image/video, headline, 2 CTAs | G5: site-content.md: 'Every lesson connects. Every child rises.' / 'Great habits. Extraordinary possibilities.' + Book a visit / Enquire | H5: Ready | I5: Pick one headline (content vs concept differ) | J5: Hero photo or 20–30s campus video (real, not AI) | K5: Agency
A6: 2 | B6: Home | C6: / | D6: Hero | E6: Ambassador feature | F6: Brand ambassador badge + quote | G6: site-content.md: Jonty Rhodes · Brand Ambassador | H6: Partial | I6: Approved Jonty Rhodes quote and usage rights for his photo | J6: Licensed ambassador photo | K6: School
A7: 3 | B7: Home | C7: / | D7: Intro | E7: Welcome statement | F7: One paragraph: who we are, where, grades | G7: site-content.md: 'Welcome to ULL Auremont, a CBSE school in Nagarbhavi…' + 'The schooling you wish you'd had' | H7: Ready | I7: — | J7: — | K7: Agency
A8: 4 | B8: Home | C8: / | D8: At a glance | E8: Key facts strip | F8: US standard: 4–6 numbers (years, students, ratio, acres, sports, clubs) | G8: Not present | H8: Missing | I8: Numbers: years serving Nagarbhavi, student count, student–teacher ratio, class size, campus size, number of sports/clubs | J8: Icons (we design) | K8: School
A9: 5 | B9: Home | C9: / | D9: Pillars | E9: Four pillars | F9: 4 cards linking to pages | G9: site-content.md: Four pillars text | H9: Ready | I9: — | J9: 4 pillar images | K9: Agency
A10: 6 | B10: Home | C10: / | D10: Programme | E10: Academics teaser | F10: Learning Cycle summary + link | G10: site-content.md: Academics teaser | H10: Ready | I10: — | J10: Classroom photo | K10: Agency
A11: 7 | B11: Home | C11: / | D11: Programme | E11: Sports teaser | F11: Sports summary + link | G11: site-content.md: Sports & Fitness teaser | H11: Ready | I11: — | J11: Sports photo | K11: Agency
A12: 8 | B12: Home | C12: / | D12: Programme | E12: Beyond the Classroom teaser | F12: Pulse · Ruchi · Kushala · Aurora Lab · Summit | G12: site-content.md: Teaser list | H12: Ready | I12: — | J12: Activity photo | K12: Agency
A13: 9 | B13: Home | C13: / | D13: Values | E13: Vision + mission | F13: Short block | G13: site-content.md: Our vision / Our mission | H13: Ready | I13: — | J13: — | K13: Agency
A14: 10 | B14: Home | C14: / | D14: Leadership | E14: Principal's welcome | F14: US standard: photo + 80-word message + link | G14: Not present | H14: Missing | I14: Principal's name, photo and welcome message | J14: Principal portrait | K14: School
A15: 11 | B15: Home | C15: / | D15: Social proof | E15: Parent testimonials | F15: 3 quotes with name and grade | G15: Not present | H15: Missing | I15: 3–5 parent testimonials with consent (or skip until first term) | J15: Parent photos (optional) | K15: School
A16: 12 | B16: Home | C16: / | D16: News & events | E16: Latest news + upcoming events | F16: Pulls from News/Events CMS | G16: Not present | H16: Partial | I16: 2–3 starter news items and upcoming dates (Open House, Admissions) | J16: Event photos | K16: School
... A19: 15 | B19: Home | C19: / | D19: CTA band | E19: Book a campus visit | F19: Form link + phone | G19: site-content.md: 'Ready to see it for yourself?' | H19: Ready | I19: — | J19: Background photo | K19: Agency

Sheet About
A1: About — content map
A2: Rows shaded red = Missing, amber = Partial, green = Ready. Fill the 'What you need to provide' items, then set Status to Ready.
A4: # | B4: Page | C4: URL | D4: Layout block | E4: Section | F4: What goes here (US standard) | G4: Content we have (source) | H4: Status | I4: What you need to provide | J4: Images / assets | K4: Owner | L4: Notes
A5: 1 | B5: About Overview | C5: /about | D5: Hero | E5: Page intro | F5: Title, short intro, photo | G5: site-content.md: Brand essentials + name meaning | H5: Ready | I5: — | J5: Campus exterior photo | K5: Agency
A6: 2 | B6: About Overview | C6: /about | D6: Content | E6: Our story / history | F6: US standard: founding year, journey, renewal as Auremont | G6: 'Our story — To be filled in' | H6: Missing | I6: Story: when ULL started in Nagarbhavi, milestones, why the renewal, founders | J6: Archive/founding photos | K6: School
A7: 3 | B7: About Overview | C7: /about | D7: Content | E7: The name Auremont | F7: Meaning of the name | G7: site-content.md: The name: Auremont | H7: Ready | I7: — | J7: — | K7: Agency
A8: 4 | B8: Mission, Vision & Values | C8: /about/mission | D8: Content | E8: Motto, vision, mission | F8: Statement blocks | G8: site-content.md: Our motto / vision / mission | H8: Ready | I8: — | J8: — | K8: Agency
A9: 5 | B9: Mission, Vision & Values | C9: /about/mission | D9: Content | E9: The Auremont Way | F9: 5 values with one-liners | G9: site-content.md: Our values: the Auremont Way | H9: Ready | I9: — | J9: Value icons (we design) | K9: Agency
A10: 6 | B10: What Makes Us Unique | C10: /about/why-auremont | D10: Content | E10: 9 differentiators | F10: Card list | G10: site-content.md: About Us: What makes us unique | H10: Ready | I10: — | J10: — | K10: Agency
A11: 7 | B11: Leadership | C11: /about/leadership | D11: Content | E11: Principal's message | F11: Photo + full message + signature | G11: Not present | H11: Missing | I11: Principal's full message (250–400 words), name, qualifications | J11: Principal portrait | K11: School
A12: 8 | B12: Leadership | C12: /about/leadership | D12: Content | E12: Management / governing body | F12: US standard: board/trustees list | G12: Not present | H12: Missing | I12: Names, roles and photos of trustees/management (ULL leadership) | J12: Portraits | K12: School
A13: 9 | B13: Faculty | C13: /about/faculty | D13: Content | E13: Teaching approach | F13: How we support teachers, quality | G13: site-content.md: About Us: Our teachers | H13: Ready | I13: — | J13: — | K13: Agency
A14: 10 | B14: Faculty | C14: /about/faculty | D14: Content | E14: Faculty directory | F14: Name, subject, qualification, photo | G14: '[Introduction to the principal and faculty… to be added.]' | H14: Missing | I14: Faculty list with subjects and qualifications (photos optional) | J14: Teacher photos | K14: School
A15: 11 | B15: Accreditation & Affiliation | C15: /about/accreditation | D15: Content | E15: CBSE affiliation, NCF/NEP alignment | F15: US standard: accreditation page | G15: site-content.md: CBSE + NCF 2023 mentioned | H15: Partial | I15: Affiliation number, school code, validity, any memberships/awards | J15: Certificates (scans) | K15: School
A16: 12 | B16: Brand Ambassador | C16: /about/jonty-rhodes | D16: Content | E16: Ambassador story | F16: Why Jonty Rhodes, his association | G16: site-content.md: Concept hero only | H16: Partial | I16: Short bio + quote + what he will do with students | J16: Licensed photos/video | K16: School

Sheet Academics
A1: Academics — content map
A2: Rows shaded red = Missing, amber = Partial, green = Ready. Fill the 'What you need to provide' items, then set Status to Ready.
A4: # | B4: Page | C4: URL | D4: Layout block | E4: Section | F4: What goes here (US standard) | G4: Content we have (source) | H4: Status | I4: What you need to provide | J4: Images / assets | K4: Owner | L4: Notes
A5: 1 | B5: Academics Overview | C5: /academics | D5: Hero | E5: Intro | F5: 'Children understand before they memorise…' | G5: site-content.md: Academics: Our approach | H5: Ready | I5: — | J5: Classroom photo | K5: Agency
A6: 2 | B6: Academics Overview | C6: /academics | D6: Content | E6: What we believe | F6: 6 beliefs | G6: site-content.md: What we believe | H6: Ready | I6: — | J6: — | K6: Agency
A7: 3 | B7: Academics Overview | C7: /academics | D7: Content | E7: Curriculum & framework | F7: CBSE + NCF 2023, four stages | G7: site-content.md: Our approach | H7: Ready | I7: — | J7: — | K7: Agency
A8: 4 | B8: Learning Cycle | C8: /academics/learning-cycle | D8: Content | E8: 5 steps table | F8: Connect, Experience, Clarify, Apply, Reflect | G8: site-content.md: The Auremont Learning Cycle | H8: Ready | I8: — | J8: Step diagram (we design) | K8: Agency
A9: 5 | B9: Learning Cycle | C9: /academics/learning-cycle | D9: Content | E9: Indian roots + classroom look-fors | F9: Lens not a subject; what you'll see | G9: site-content.md: Indian roots / In every classroom / Every learner | H9: Ready | I9: — | J9: — | K9: Agency
A10: 6 | B10: Foundational Stage | C10: /academics/foundational | D10: Content | E10: Nursery–Grade 2 full page | F10: Areas, what they learn, a day, outcomes, Indian roots, progress | G10: site-content.md: Academics: Foundational Stage | H10: Ready | I10: Confirm entry ages for Nursery, LKG, UKG | J10: Early-years photos | K10: Agency
A11: 7 | B11: Preparatory Stage | C11: /academics/preparatory | D11: Content | E11: Grades 3–5 full page | F11: Subjects table, classroom, outcomes, roots, progress | G11: site-content.md: Academics: Preparatory Stage | H11: Ready | I11: — | J11: Photos | K11: Agency
A12: 8 | B12: Middle Stage | C12: /academics/middle | D12: Content | E12: Grades 6–8 full page | F12: Subjects table, classroom, outcomes, roots, progress | G12: site-content.md: Academics: Middle Stage | H12: Ready | I12: — | J12: Photos | K12: Agency
A13: 9 | B13: Secondary Stage | C13: /academics/secondary | D13: Content | E13: Grades 9–10 full page | F13: Subjects, board prep, outcomes, beyond the exam | G13: site-content.md: Academics: Secondary Stage | H13: Ready | I13: Confirm the CBSE skill subject offered | J13: Photos | K13: Agency
A14: 10 | B14: Assessment & Progress | C14: /academics/assessment | D14: Content | E14: Assessment by stage + report card | F14: Table + whole-child report | G14: site-content.md: Academics: Assessment and progress | H14: Ready | I14: — | J14: Sample report card (optional) | K14: Agency
A15: 11 | B15: Academic Calendar | C15: /academics/calendar | D15: Content | E15: Year calendar | F15: US standard: term dates, holidays, exams, PTMs | G15: Not present | H15: Missing | I15: Academic year calendar (term dates, holidays, exam windows, PTMs, Term Showcase dates) | J15: PDF calendar | K15: School
A16: 12 | B16: Library & Reading | C16: /academics/library | D16: Content | E16: Library programme | F16: US standard: library page | G16: Only 'reading corners' mentioned | H16: Missing | I16: Library details: size, timings, reading programme | J16: Library photo | K16: School
A17: 13 | B17: Results & Achievements | C17: /academics/results | D17: Content | E17: Board results, olympiads, awards | F17: US standard: outcomes page | G17: Not present | H17: Missing | I17: Past Grade 10 results (if any), olympiad/competition wins; or hide until first results | J17: — | K17: School

Sheet Student Life
A1: Student Life — content map
A2: Rows shaded red = Missing, amber = Partial, green = Ready. Fill the 'What you need to provide' items, then set Status to Ready.
A4: # | B4: Page | C4: URL | D4: Layout block | E4: Section | F4: What goes here (US standard) | G4: Content we have (source) | H4: Status | I4: What you need to provide | J4: Images / assets | K4: Owner | L4: Notes
A5: 1 | B5: Sports & Fitness | C5: /student-life/sports | D5: Hero | E5: Intro | F5: 'Fit body. Sharp mind. Strong character.' | G5: site-content.md: Sports & Fitness | H5: Ready | I5: — | J5: Action sports photo | K5: Agency
A6: 2 | B6: Sports & Fitness | C6: /student-life/sports | D6: Content | E6: Sports promise | F6: Plays, measured, competes, excels | G6: site-content.md: Our sports promise | H6: Ready | I6: — | J6: — | K6: Agency
A7: 3 | B7: Sports & Fitness | C7: /student-life/sports | D7: Content | E7: Programme by stage | F7: Table by stage | G7: site-content.md: A programme that grows with your child | H7: Ready | I7: — | J7: — | K7: Agency
A8: 4 | B8: Sports & Fitness | C8: /student-life/sports | D8: Content | E8: Sports offered + facilities | F8: 11 sports + where they're played | G8: site-content.md: Sports list; courtyard concept (2 badminton, 1 volleyball) | H8: Partial | I8: Confirm actual sports facilities and coaches (names/credentials) | J8: Facility photos | K8: School
A9: 5 | B9: Sports & Fitness | C9: /student-life/sports | D9: Content | E9: Houses | F9: US standard: house names/colours | G9: Houses mentioned, not named | H9: Missing | I9: House names, colours and mascots | J9: House crests | K9: School
A10: 6 | B10: Sports & Fitness | C10: /student-life/sports | D10: Content | E10: Sports calendar + Indian roots | F10: Events and traditional games | G10: site-content.md: The sports calendar / Indian roots on the field | H10: Ready | I10: — | J10: — | K10: Agency
A11: 7 | B11: Pulse | C11: /student-life/pulse | D11: Content | E11: Weekly skill programme | F11: Skill families, examples, monthly theme | G11: site-content.md: Pulse: the heart of our week | H11: Ready | I11: — | J11: Photos | K11: Agency
A12: 8 | B12: Ruchi | C12: /student-life/ruchi | D12: Content | E12: Hobby hour | F12: Hobby groups by type | G12: site-content.md: Ruchi: hobby hour | H12: Ready | I12: Confirm which hobbies run in year 1 | J12: Photos | K12: Agency
A13: 9 | B13: Kushala | C13: /student-life/kushala | D13: Content | E13: Life skills | F13: Monthly skill, examples | G13: site-content.md: Kushala: life skills | H13: Ready | I13: — | J13: Sample practice card | K13: Agency
A14: 10 | B14: Aurora Lab & Robotics | C14: /student-life/aurora-lab | D14: Content | E14: Science lab, robotics, computing | F14: 3 blocks | G14: site-content.md: Aurora Lab, robotics and computing | H14: Ready | I14: — | J14: Lab photos | K14: Agency
A15: 11 | B15: Summit Pathway | C15: /student-life/summit | D15: Content | E15: Olympiads, debate, careers | F15: Programme detail | G15: site-content.md: Summit Pathway | H15: Ready | I15: — | J15: — | K15: Agency
A16: 12 | B16: Clubs & Events | C16: /student-life/events | D16: Content | E16: Annual events | F16: US standard: Annual Day, Sports Meet, Showcases, trips | G16: site-content.md: Term Showcase, Sports Meet, Fitness Week | H16: Partial | I16: Annual Day, field trips, festivals celebrated, competitions list | J16: Event photos | K16: School

Sheet Admissions
A1: Admissions — content map
A2: Rows shaded red = Missing, amber = Partial, green = Ready. Fill the 'What you need to provide' items, then set Status to Ready.
A4: # | B4: Page | C4: URL | D4: Layout block | E4: Section | F4: What goes here (US standard) | G4: Content we have (source) | H4: Status | I4: What you need to provide | J4: Images / assets | K4: Owner | L4: Notes
A5: 1 | B5: Admissions Overview | C5: /admissions | D5: Hero | E5: Admissions open banner | F5: Year, grades, CTA | G5: site-content.md: 'Admissions open, Nursery to Grade 10.' | H5: Partial | I5: Admission year (e.g. 2027–28) | J5: Family/counselling photo | K5: School
A6: 2 | B6: Admissions Overview | C6: /admissions | D6: Content | E6: Why choose Auremont | F6: Short reasons + link | G6: site-content.md: What makes us unique | H6: Ready | I6: — | J6: — | K6: Agency
A7: 3 | B7: Admission Process | C7: /admissions/process | D7: Content | E7: 5 steps | F7: Enquire, Visit, Meet, Confirm, Orientation | G7: site-content.md: Admissions steps 1–5 | H7: Partial | I7: Admissions phone number (step 1 says [phone]) | J7: Step icons (we design) | K7: School
A8: 4 | B8: Admission Process | C8: /admissions/process | D8: Content | E8: Eligibility & age criteria | F8: US standard: age cut-off per grade | G8: Not present | H8: Missing | I8: Age criteria per grade (as on 1 June / 31 March), eligibility for lateral entry | J8: — | K8: School
A9: 5 | B9: Admission Process | C9: /admissions/process | D9: Content | E9: Documents required | F9: Checklist | G9: 'complete documents' only | H9: Missing | I9: Document list (birth certificate, TC, report card, Aadhaar, photos, address proof, etc.) | J9: — | K9: School
A10: 6 | B10: Key Dates | C10: /admissions/dates | D10: Content | E10: Admission timeline | F10: Open, visit days, interaction, offers, orientation | G10: Not present | H10: Missing | I10: Admission calendar dates | J10: — | K10: School
A11: 7 | B11: Fees & Scholarships | C11: /admissions/fees | D11: Content | E11: Fee structure | F11: US standard: tuition page (or 'contact us' note) | G11: Not present | H11: Missing | I11: Decide: publish fee table per grade, or 'fees shared at visit'. Transport/meal fees | J11: Fee PDF | K11: School
A12: 8 | B12: Fees & Scholarships | C12: /admissions/fees | D12: Content | E12: Scholarships / sibling concession | F12: Policy summary | G12: Not present | H12: Missing | I12: Scholarship, sibling or merit concession policy (or 'none') | J12: — | K12: School
A13: 9 | B13: Visit Us | C13: /admissions/visit | D13: Form | E13: Book a campus visit | F13: Visit form → Admissions Desk; slot picker | G13: site-content.md: Enquiry form fields + preferred visit date | H13: Partial | I13: Visit days and time slots, max visits per slot | J13: Campus photo | K13: School
A14: 10 | B14: Enquire | C14: /admissions/enquire | D14: Form | E14: Enquiry form | F14: Parent name, phone, email, child's name, grade, current school, visit date, family priority | G14: site-content.md: Enquiry form (concept adds 'Family priority') | H14: Ready | I14: Confirm 'Family priority' options and add 'How did you hear about us?' options | J14: — | K14: Agency
A15: 11 | B15: Apply Online | C15: /apply | D15: Portal | E15: Apply now → portal | F15: Register once, apply per child | G15: Not present (new) | H15: Partial | I15: Application form fields (see Portal sheet) | J15: — | K15: School
A16: 12 | B16: Admissions FAQ | C16: /admissions/faq | D16: Content | E16: FAQs (FAQPage schema) | F16: 11+ Q&As | G16: site-content.md: Frequently asked questions (11 Qs) | H16: Partial | I16: Fill [number] years in 'Is it a new school?'; add FAQs on fees, transport, timings, uniform, meals, age criteria | J16: — | K16: School
A17: 13 | B17: Admissions Contact | C17: /admissions/contact | D17: Content | E17: Admissions team | F17: Counsellor name, phone, WhatsApp, hours | G17: Not present | H17: Missing | I17: Admissions counsellor name(s), direct phone/WhatsApp, hours | J17: Counsellor photo | K17: School

Sheet Campus
A1: Campus — content map
A2: Rows shaded red = Missing, amber = Partial, green = Ready. Fill the 'What you need to provide' items, then set Status to Ready.
A4: # | B4: Page | C4: URL | D4: Layout block | E4: Section | F4: What goes here (US standard) | G4: Content we have (source) | H4: Status | I4: What you need to provide | J4: Images / assets | K4: Owner | L4: Notes
A5: 1 | B5: Campus Overview | C5: /campus | D5: Hero | E5: Campus intro | F5: Summary + map | G5: site-content.md: 'Facilities · Gallery · Transport' | H5: Partial | I5: Campus size, buildings, one-paragraph description | J5: Aerial/exterior photo | K5: School
A6: 2 | B6: Facilities | C6: /campus/facilities | D6: Content | E6: Facility list | F6: Classrooms, Aurora Lab, science, computer & robotics lab, library, sports, art/music/dance rooms, infirmary | G6: '[To be completed once the facility list is confirmed…]' | H6: Missing | I6: Confirmed facility list with 2–3 lines each | J6: Photo per facility | K6: School
A7: 3 | B7: Campus Tour | C7: /campus/tour | D7: Content | E7: Virtual tour | F7: Slide tour or 360°/video | G7: Concept tour slides (AI visualisations) | H7: Missing | I7: Real photos or walk-through video; label any concept images clearly | J7: Photos/video | K7: School
A8: 4 | B8: Gallery | C8: /campus/gallery | D8: Content | E8: Filterable gallery | F8: Categories: classrooms, sport, arts, events | G8: Concept gallery with filters (AI images) | H8: Missing | I8: Real photo sets per category with consent | J8: Photos | K8: School
A9: 5 | B9: Safety & Security | C9: /campus/safety | D9: Content | E9: Safety page | F9: US standard: CCTV, visitor management, staff checks, POCSO, fire safety | G9: Not present | H9: Missing | I9: Safety measures, CCTV, gate/visitor policy, staff background checks, POCSO committee, fire drills | J9: — | K9: School
A10: 6 | B10: Health & Wellbeing | C10: /campus/health | D10: Content | E10: Infirmary + counsellor | F10: Nurse, doctor on call, counsellor | G10: 'infirmary' suggested only | H10: Missing | I10: Infirmary staffing, school counsellor, health check-ups | J10: — | K10: School
A11: 7 | B11: Transport | C11: /campus/transport | D11: Content | E11: Bus routes | F11: Routes, GPS, attendants, fees | G11: 'Transport' heading only | H11: Missing | I11: Routes/areas covered, safety features, transport fee approach | J11: Bus photo | K11: School
A12: 8 | B12: Meals | C12: /campus/meals | D12: Content | E12: Food programme | F12: Menu, kitchen, dietary policy | G12: Concept image 'kitchen-dining-space' | H12: Missing | I12: Is lunch provided? Menu sample, veg/non-veg policy | J12: Dining photo | K12: School
A13: 9 | B13: Location | C13: /campus/location | D13: Content | E13: Map + directions | F13: Google Map embed, landmarks | G13: site-content.md: Nagarbhavi, Bengaluru | H13: Partial | I13: Exact address, landmarks, parking info | J13: — | K13: School

Sheet Parents
A1: Parents — content map
A2: Rows shaded red = Missing, amber = Partial, green = Ready. Fill the 'What you need to provide' items, then set Status to Ready.
A4: # | B4: Page | C4: URL | D4: Layout block | E4: Section | F4: What goes here (US standard) | G4: Content we have (source) | H4: Status | I4: What you need to provide | J4: Images / assets | K4: Owner | L4: Notes
A5: 1 | B5: Parents Overview | C5: /parents | D5: Content | E5: Partnering with parents | F5: Pulse notes, Kushala cards, showcase, fitness card, PTMs | G5: site-content.md: Parents: Partnering with parents | H5: Ready | I5: — | J5: Parent photo | K5: Agency
A6: 2 | B6: Parents Overview | C6: /parents | D6: Content | E6: A week at ULL Auremont | F6: Day-by-day story | G6: site-content.md: A week at ULL Auremont (Anika) | H6: Ready | I6: — | J6: Illustrations/photos | K6: Agency
A7: 3 | B7: School Day | C7: /parents/school-day | D7: Content | E7: Timings | F7: US standard: daily schedule by stage | G7: Not present | H7: Missing | I7: School timings per stage, Saturday policy, after-school options | J7: — | K7: School
A8: 4 | B8: Uniform | C8: /parents/uniform | D8: Content | E8: Uniform guide | F8: Uniform per stage, supplier | G8: Concept mentions proposed navy uniform | H8: Missing | I8: Uniform details, where to buy, sports uniform | J8: Uniform photos | K8: School
A9: 5 | B9: Policies | C9: /parents/policies | D9: Content | E9: Key policies | F9: Attendance, homework, devices, behaviour, leave | G9: Not present | H9: Missing | I9: Attendance, homework, mobile/device, discipline, leave and fee-payment policies | J9: PDFs | K9: School
A10: 6 | B10: Calendar & Circulars | C10: /parents/calendar | D10: Content | E10: Calendar + circulars | F10: Links to calendar, monthly Pulse notes | G10: Not present | H10: Missing | I10: Calendar (shared with Academics) and circular format | J10: — | K10: School
A11: 7 | B11: Parent Portal | C11: /portal | D11: Portal | E11: Login entry | F11: Login / register link and what parents can do | G11: Not present (new) | H11: Ready | I11: — | J11: — | K11: Agency

Sheet News & Events
A1: News & Events — content map
A2: Rows shaded red = Missing, amber = Partial, green = Ready. Fill the 'What you need to provide' items, then set Status to Ready.
A4: # | B4: Page | C4: URL | D4: Layout block | E4: Section | F4: What goes here (US standard) | G4: Content we have (source) | H4: Status | I4: What you need to provide | J4: Images / assets | K4: Owner | L4: Notes
A5: 1 | B5: News | C5: /news | D5: Listing | E5: News list + article template | F5: Title, date, image, body, tags | G5: Not present | H5: Missing | I5: 3–5 launch articles (Auremont launch, Jonty Rhodes, admissions open, campus renewal) | J5: Article photos | K5: School
A6: 2 | B6: Events | C6: /events | D6: Listing | E6: Events calendar + event page | F6: Date, time, venue, register button | G6: Not present | H6: Missing | I6: Upcoming events: Open House, Term Showcase, Sports Meet dates | J6: Event images | K6: School
A7: 3 | B7: Blog / Parent Resources | C7: /resources | D7: Listing | E7: Articles for SEO | F7: US standard: thought-leadership; drives Google traffic | G7: Not present | H7: Missing | I7: Topics list + author (e.g. choosing a CBSE school, NEP 2020 explained, early years) | J7: — | K7: School

Sheet Contact & Careers
A1: Contact & Careers — content map
A2: Rows shaded red = Missing, amber = Partial, green = Ready. Fill the 'What you need to provide' items, then set Status to Ready.
A4: # | B4: Page | C4: URL | D4: Layout block | E4: Section | F4: What goes here (US standard) | G4: Content we have (source) | H4: Status | I4: What you need to provide | J4: Images / assets | K4: Owner | L4: Notes
A5: 1 | B5: Contact | C5: /contact | D5: Content | E5: Contact details + map | F5: Address, phones, email, hours, map, form | G5: Placeholders only | H5: Missing | I5: All contact details (see Global → Contact block) | J5: — | K5: School
A6: 2 | B6: Contact | C6: /contact | D6: Form | E6: General enquiry form | F6: Name, phone, email, topic, message | G6: Not present (new) | H6: Ready | I6: — | J6: — | K6: Agency
A7: 3 | B7: Careers | C7: /careers | D7: Content | E7: Why work with us + openings | F7: US standard: careers page, job listings | G7: site-content.md: Teacher-support text in Our teachers | H7: Partial | I7: Open positions, HR email, application process | J7: Staff photo | K7: School
A8: 4 | B8: Alumni | C8: /alumni | D8: Content | E8: Alumni network | F8: US standard (optional for launch) | G8: Not present | H8: Missing | I8: Optional: alumni stories of ULL; can skip at launch | J8: — | K8: School

Sheet Legal & Compliance
A1: Legal & Compliance — content map
A2: Rows shaded red = Missing, amber = Partial, green = Ready. Fill the 'What you need to provide' items, then set Status to Ready.
A4: # | B4: Page | C4: URL | D4: Layout block | E4: Section | F4: What goes here (US standard) | G4: Content we have (source) | H4: Status | I4: What you need to provide | J4: Images / assets | K4: Owner | L4: Notes
A5: 1 | B5: Mandatory Public Disclosure | C5: /mandatory-disclosure | D5: Content | E5: CBSE disclosure | F5: Required by CBSE: affiliation, trust, infrastructure, staff, results, fee, SMC, PTA | G5: Not present | H5: Missing | I5: All CBSE Appendix-IX data and documents (affiliation letter, NOC, building safety, fire, water, etc.) | J5: PDF documents | K5: School
A6: 2 | B6: Privacy Policy | C6: /privacy | D6: Content | E6: Privacy policy | F6: How enquiry/portal/visitor data is used (DPDP Act 2023) | G6: Not present | H6: Missing | I6: Approve draft we prepare; name of grievance officer/contact | J6: — | K6: School
A7: 3 | B7: Terms of Use | C7: /terms | D7: Content | E7: Website terms | F7: Standard terms | G7: Not present | H7: Missing | I7: Approve draft we prepare | J7: — | K7: School
A8: 4 | B8: Child Safeguarding | C8: /safeguarding | D8: Content | E8: Safeguarding/POCSO policy | F8: US standard: child protection statement | G8: Not present | H8: Missing | I8: Policy text and contact person | J8: — | K8: School
A9: 5 | B9: Accessibility | C9: /accessibility | D9: Content | E9: Accessibility statement | F9: WCAG commitment | G9: Not present | H9: Ready | I9: We draft; approve | J9: — | K9: Agency
A10: 6 | B10: Image disclaimer | C10: (gallery) | D10: Content | E10: Concept image note | F10: Label AI visualisations until real photos | G10: site-content.md: 'Campus design visualisations · AI-generated imagery' | H10: Ready | I10: Remove once real photos are in | J10: — | K10: Agency

Sheet Portal
A1: Portal — content map
A2: Rows shaded red = Missing, amber = Partial, green = Ready. Fill the 'What you need to provide' items, then set Status to Ready.
A4: # | B4: Page | C4: URL | D4: Layout block | E4: Section | F4: What goes here (US standard) | G4: Content we have (source) | H4: Status | I4: What you need to provide | J4: Images / assets | K4: Owner | L4: Notes
A5: 1 | B5: Register / Login | C5: /portal/login | D5: Form | E5: Parent registration | F5: Name, mobile (OTP), email, password; register once | G5: Not present (new) | H5: Ready | I5: Confirm login by mobile OTP + email | J5: — | K5: Agency
A6: 2 | B6: Dashboard | C6: /portal | D6: Portal | E6: Family dashboard | F6: Children, applications, visit bookings, messages | G6: Not present (new) | H6: Ready | I6: — | J6: — | K6: Agency
A7: 3 | B7: Add Child | C7: /portal/children | D7: Form | E7: Child profile | F7: Name, DOB, gender, current school, grade, photo | G7: Not present (new) | H7: Partial | I7: Confirm required fields | J7: — | K7: School
A8: 4 | B8: Application | C8: /portal/apply | D8: Form | E8: Application form | F8: Child + parent details, address, previous school, sibling, medical/special needs, declaration | G8: Not present (new) | H8: Missing | I8: Final application form fields and declaration text from school | J8: Sample paper form (if any) | K8: School
A9: 5 | B9: Documents | C9: /portal/documents | D9: Form | E9: Document upload | F9: Upload per required document | G9: Not present (new) | H9: Missing | I9: Document list (same as Admissions → Documents) | J9: — | K9: School
A10: 6 | B10: Application Status | C10: /portal/status | D10: Portal | E10: Status tracker | F10: Enquired → Visit booked → Visited → Interaction → Documents → Confirmed → Orientation | G10: site-content.md: Admissions 5 steps | H10: Ready | I10: Confirm stage names parents should see | J10: — | K10: Agency
A11: 7 | B11: Messages | C11: /portal/messages | D11: Portal | E11: Message templates | F11: Email (SES), SMS (Gupshup), WhatsApp (WATI) per stage | G11: Not present (new) | H11: Missing | I11: Approve message wording; WATI/Gupshup template approvals; sender ID | J11: — | K11: School
A12: 8 | B12: Visitor Pass | C12: (VMS) | D12: Portal | E12: QR visitor pass + front desk | F12: Pass email/WhatsApp, check-in screen, host alert | G12: Not present (new) | H12: Partial | I12: Front desk staff list, hosts to notify, visitor ID policy | J12: — | K12: School
